Agent of Dibella,Core,Quest,The Heart of Dibella,Ability,
Agent of Mara,Core,Quest,The Book of Love,Ability,
Ancient Knowledge,Core,Quest,Unfathomable Depths,Ability,
Dragon Infusion,Core,Quest,Dragon Research,Ability,
Prowlers Profit,Core,Quest,No Stone Unturned,Ability,
Sinderion's Serendipity,Core,Quest,A Return to Your Roots,Ability,
Sailors Repose,Core,Frostflow Lighthouse,,Ability,
Dragonborn Force,Dragonborn,Quest,The Gardener of Men,Ability,
Dragonborn Flame,Dragonborn,Quest,The Gardener of Men,Ability,
Dragonborn Frost,Dragonborn,Quest,The Gardener of Men,Ability,
Seeker of Might,Dragonborn,Quest,Black Book: The Sallow Regent,Ability,
Seeker of Sorcery,Dragonborn,Quest,Black Book: The Sallow Regent,Ability,
Seeker of Shadows,Dragonborn,Quest,Black Book: The Sallow Regent,Ability,
Scholar's Insight,Dragonborn,Quest,Black Book: The Winds of Change,Ability,
Companion's Insight,Dragonborn,Quest,Black Book: The Winds of Change,Ability,
Lover's Insight,Dragonborn,Quest,Black Book: The Winds of Change,Ability,
The Apprentice Stone,Core,The Apprentice Stone,,Ability,
The Atronach Stone,Core,The Atronach Stone,,Ability,
The Lady Stone,Core,The Lady Stone,,Ability,
The Lord Stone,Core,The Lord Stone,,Ability,
The Lover Stone,Core,The Lover Stone,,Ability,
The Mage Stone,Core,The Guardian Stones,,Ability,
The Steed Stone,Core,The Steed Stone,,Ability,
The Thief Stone,Core,The Guardian Stones,,Ability,
The Warrior Stone,Core,The Guardian Stones,,Ability,
Etheral Spirit,Core,The Throat of the World,,Temporary Ability,
Force Without Effort,Core,The Throat of the World,,Temporary Ability,
The Fire Within,Core,The Throat of the World,,Temporary Ability,
Blood of the Ancients,Dawnguard,Castle Volkihar,The Bloodstone Chalice,Temporary Ability,
Tainted Blood of the Ancients,Dawnguard,Redwater Den,,Temporary Ability,
Voice of the Sky,Core,Seven Thousand Steps,,Temporary Ability,
Blessing of Akatosh,Core,Shrine of Akatosh,,Temporary Ability,
Blessing of Arkay,Core,Shrine of Arkay,,Temporary Ability,
Blessing of Dibella,Core,Shrine of Dibella,,Temporary Ability,
Blessing of Julianos,Core,Shrine of Julianos,,Temporary Ability,
Blessing of Kyraneth,Core,Shrine of Kynareth,,Temporary Ability,
Blessing of Mara,Core,Shrine of Mara,,Temporary Ability,
Blessing of Nocturnal,Core,Shrine of Nocturnal,,Temporary Ability,
Blessing of Stendarr,Core,Shrine of Stendarr,,Temporary Ability,
Blessing of Talos,Core,Shrine of Talos,,Temporary Ability,
Blessing of Zenithar,Core,Shrine of Zenithar,,Temporary Ability,
Blessing of Auriel,Dawnguard,Shrine of Auriel,,Temporary Ability,
Blessing of Azura,Dragonborn,Raven Rock Temple,,Temporary Ability,
Blessing of Boethiah,Dragonborn,Raven Rock Temple,,Temporary Ability,
Blessing of Mephala,Dragonborn,Raven Rock Temple,,Temporary Ability,
Dragonslayer's Blessing,Core,Quest,Alduin's Wall,Temporary Ability,
The Gift of Charity,Core,,,Temporary Ability,