"16 Accords of Madness, v. IX",Anonymous/Unknown,Vaermina's Tale,25,Book,
"16 Accords of Madness, v. VI",Anonymous/Unknown,Hircine's Tale,25,Book,
"16 Accords of Madness, v. XII",Anonymous/Unknown,Malacath's Tale,25,Book,
"2920, Evening Star, v12",Carlovac Townway,Volume 12 of a historical series about Vivec and the Empire,11,Book,
"2920, First Seed, v3",Carlovac Townway,Volume 3 of a historical series about Vivec and the Empire,11,Book,
"2920, Frostfall, v10",Carlovac Townway,Volume 10 of a historical series about Vivec and the Empire,50,Conjuration skill book,
"2920, Hearth Fire, v9",Carlovac Townway,Volume 9 of a historical series about Vivec and the Empire,50,Conjuration skill book,
"2920, Last Seed, v8",Carlovac Townway,Volume 8 of a historical series about Vivec and the Empire,75,Sneak skill book,
"2920, MidYear, v6",Carlovac Townway,Volume 6 of a historical series about Vivec and the Empire,70,Heavy Armor skill book,
"2920, Morning Star, v1",Carlovac Townway,Volume 1 of a historical series about Vivec and the Empire,50,One-handed skill book,
"2920, Rain's Hand, v4",Carlovac Townway,Volume 4 of a historical series about Vivec and the Empire,55,Restoration skill book,
"2920, Second Seed, v5",Carlovac Townway,Volume 5 of a historical series about Vivec and the Empire,60,Speech skill book,
"2920, Sun's Dawn, v2",Carlovac Townway,Volume 2 of a historical series about Vivec and the Empire,60,Illusion skill book,
"2920, Sun's Dusk, v11",Carlovac Townway,Volume 11 of a historical series about Vivec and the Empire,11,Book,
"2920, Sun's Height, v7",Carlovac Townway,Volume 7 of a historical series about Vivec and the Empire,3,Book,
A Children's Anuad,Anonymous/Unknown,Early religious book providing a simplified version of The Anuad creation myth from the Mythic Era,6,Book,
"A Dance in Fire, v1",Waughin Jarth,Chapter 1 of a clerk's adventures in Valenwood,3,Book,
"A Dance in Fire, v2",Waughin Jarth,Chapter 2 of a clerk's adventures in Valenwood,50,Block skill book,
"A Dance in Fire, v3",Waughin Jarth,Chapter 3 of a clerk's adventures in Valenwood,3,Book,
"A Dance in Fire, v4",Waughin Jarth,Chapter 4 of a clerk's adventures in Valenwood,4,Book,
"A Dance in Fire, v5",Waughin Jarth,Chapter 5 of a clerk's adventures in Valenwood,30,Book,
"A Dance in Fire, v6",Waughin Jarth,Chapter 6 of a clerk's adventures in Valenwood,60,Speech skill book,
"A Dance in Fire, v7",Waughin Jarth,Chapter 7 of a clerk's adventures in Valenwood,60,Speech skill book,
A Dream of Sovngarde,Skardan Free-Winter,A soldier's tale of his dream before battle,8,Book,
A Game at Dinner,An Anonymous Spy,A spy's observations upon poison making and a dinner party,55,Alchemy skill book,
A Gentleman's Guide to Whiterun,Mikael the Bard,A guide to the Nordic city of Whiterun in the Fourth Era.,3,Book,
A Hypothetical Treachery,Aicantar,A short play about betrayal.,55,Destruction skill book,
"A Kiss, Sweet Mother",Anonymous/Unknown,Guide to performing the Black Sacrament in order to summon the Dark Brotherhood.,6,Book - Faction,
A Minor Maze,Anonymous/Unknown,"The history of Labyrinthian and its creator, Shalidor.",8,Book,
A Tragedy in Black,Anonymous/Unknown,A folk tale about a young boy's encounter with a Dremora.,50,Enchanting skill book,
Admonition Against Ebony,Anonymous/Unknown,A warning to any who might claim the Ebony Blade.,5,Book,
Adonato's Book,Adonato Leonetti,"A historian's view about Olaf One-Eye and his conflict with the dragon Numinex-- a version of ""Olaf and the Dragon"" found in Candlehearth Hall or given by Adonato Leotelli for delivery to the Bard's College, which differs from OATD in title and a few spelling differences",40,Book,
Advances in Lockpicking,An Anonymous Thief,A brief guidebook on lockpicking.,75,Lockpicking skill book,
Adventurer's Journal,An Anonymous Adventurer,About investigating attacks on caravans by the Falmer.,5,Journal,
Aedra and Daedra,Anonymous/Unknown,"Overview of the basic differences between Gods, Demons, Aedra, and Daedra",5,Book,
Aevar Stone-Singer,Anonymous/Unknown,Traditional Skaal myth about a young Skaal's journey to recover the Gifts of the All-Maker,60,Pickpocket skill book,
Agrius's Journal,Agrius,The last accounts of a bandit before being possessed and sacrificed by Halldir.,5,Journal,
Ahzidal's Descent,Halund Greycloak,The tale of a powerful enchanter's descent into madness,16,Book,
Ahzirr Traajijazeri,Anonymous/Unknown,The public manifesto of the Khajiit organization Renrijra Krin,4,Book,
Aicantar's Lab Journal,Aicantar,Research notes on Dwarven spider control,5,Journal,
Alchemist's Journal,An Anonymous Alchemist,A researcher investigating plant growth,5,Journal,
Alchemist's Journal,An Anonymous Alchemist,The idyllic journal of an alchemist,5,Journal,
Alduin is Real,Thromgar Iron-Head,"A poorly spelled essay from a ""prowd Nord"" on the difference between Alduin and Akatosh",8,Book,
Alva's Journal,Alva,A vampire's plot to take over all of Morthal,5,Journal,
Amongst the Draugr,"Bernadette Bantien, College of Winterhold",Discoveries about the draugr and their link to the dragon cults,14,Book,
An Accounting of the Scrolls,"Quintus Nerevelus, Former Imperial Librarian",An author's report on the Elder Scrolls and his subsequent entry into the Cult of the Ancestor Moth,20,Book,
An Explorer's Guide to Skyrim,"Marcius Carvain, Viscount Bruma",A brief travel guide for adventuresome tourists in Skyrim,8,Book,
Ancestors and the Dunmer,Anonymous/Unknown,An outdated guide for foreign visitors to Morrowind,8,Book,
Annals of the Dragonguard,Brother Annulus,Chronicles of the Dragonguard in the late First Era,200,Book,
Antecedants of Dwemer Law,Anonymous/Unknown,A historical account of the development of Dwemer law and custom from its roots in High Elven culture,5,Book,
Arcana Restored,Wapna Neustra Praeceptor Emeritus,Cryptic instructions for the restoration of Arcana,25,Book,
"Argonian Account, Book 1",Waughin Jarth,"Decumus Scotti's continued adventures in Black Marsh, Volume 1",2,Book,
"Argonian Account, Book 2",Waughin Jarth,"Decumus Scotti's continued adventures in Black Marsh, Volume 2",12,Book,
"Argonian Account, Book 3",Waughin Jarth,"Decumus Scotti's continued adventures in Black Marsh, Volume 3",12,Book,
"Argonian Account, Book 4",Waughin Jarth,"Decumus Scotti's continued adventures in Black Marsh, Volume 4",12,Book,
"Arondil's Journal, Part 1",Arondil,Arondil's account of moving into Yngvild to study necromancy.,5,Journal,
"Arondil's Journal, Part 2",Arondil,Arondils's account of his necromancy experimentations.,5,Journal,
"Arondil's Journal, Part 3",Arondil,Arondil's account of dealing with a trespasser into Yngvild.,5,Journal,
"Arondil's Journal, Part 4",Arondil,Arondil's account of learning to reanimate the dead as ghosts.,5,Journal,
Arvel's Journal,Arvel the Swift,A journal describing how Arvel came into possession of the Golden Claw and a hint of its true purpose,5,Journal,
Atlas of Dragons,Brother Mathnan,A glossary of Skyrim's dragons,50,Book,
Atronach Forge Manual,Anonymous/Unknown,A guide on how to use the Atronach Forge,5,Book,
Azura and the Box,Marobar Sul,Book 11 of a series of fictional stories about the Dwemer,10,Book,
Bandit Leader's Journal,An Anonymous Bandit,Journal entries indicating the location of a hidden stash,5,Journal,
Bandit's Journal,An Anonymous Bandit,A Bandit's account of taking over Fort Neugrad,5,Journal,
Bandit's Journal,An Anonymous Bandit,A bandit's complaints about their inability to kill a mammoth,5,Journal,
Battle of Red Mountain,Vivec,The story of the Battle of Red Mountain and the Nerevarine Prophecies from Vivec's perspective,50,Block skill book,
Battle of Sancre Tor,Anonymous/Unknown,The story of how General Talos defeated the stronghold of Sancre Tor,50,Two-handed skill book,
Before the Ages of Man,Aicantar of Shimerene,Chronicles the major events of the Dawn and Merethic Eras,60,Illusion skill book,
Beggar,Reven,The first chapter in the adventures of Eslaf Erol,60,Pickpocket skill book,
Beggar Prince,Anonymous/Unknown,The story of Wheedle and his gifts from the Daedric Lord Namira,5,Book,
"Biography of Barenziah, v1","Stern Gamboge, Imperial Scribe",Volume one in the official biography of Queen Barenziah.,3,Book,
"Biography of Barenziah, v2","Stern Gamboge, Imperial Scribe",Volume two in the official biography of Queen Barenziah.,3,Book,
"Biography of Barenziah, v3","Stern Gamboge, Imperial Scribe",Volume three in the official biography of Queen Barenziah.,3,Book,
Biography of the Wolf Queen,Katar Eriphanes,"The history of Potema, The Wolf Queen of Solitude.",60,Speech skill book,
Black Book: Epistolary Acumen (DB),The Transparent One,The story of Wheedle and his gifts from the Daedric Lord Namira,2000,Book,
Black Book: Filament and Filigree (DB),Jelketheris,A part of a series of Black Books,2000,Book,
Black Book: The Hidden Twilight (DB),Carillius Melfus,A part of a series of Black Books,2000,Book,
Black Book: The Sallow Regent (DB),Hawfip the Crafter,The first act of a play,2000,Book,
Black Book: The Winds of Change (DB),Liesl Grey-Heart,A fragmented tome surrounding Jarl Elgryr the Unminded,2000,Book,
Black Book: Untold Legends (DB),Anonymous/Unknown,A fragmented tome surrounding the other lives of Ysgramor,2000,Book,
Black Book: Waking Dreams (DB),Bilius Felcrex,A fragmented tome mentioning the mantling of a godhead,2000,Book,
Boethiah's Glory,Anonymous/Unknown,A short prayer to Boethiah.,25,Book,
Boethiah's Proving,Anonymous/Unknown,A cultist's account of summoning Boethiah.,25,Book,
"Bone, Part I (DB)",Tavi Dromio,Part one in a tale surrounding the creation of Bonemold armor.,6,Book,
"Bone, Part II (DB)",Tavi Dromio,Part two in a tale surrounding the creation of Bonemold armor.,6,Book,
Breathing Water,Haliel Myrm,A fictional tale where Tharien Winloth seeks to master water breathing.,60,Alteration skill book,
"Brief History of the Empire, v1",Stronach k'Thojj III,"The succession of the first eight Emperors of the Septim Dynasty, from Tiber Septim to Kintyra II.",2,Book,
"Brief History of the Empire, v2",Stronach k'Thojj III,The second volume described the War of the Red Diamond and the six Emperors who followed.,2,Book,
"Brief History of the Empire, v3",Stronach k'Thojj III,"The third volume described the troubles of the next three Emperors - the frustrated Uriel IV, the ineffectual Cephorus II, and the heroic Uriel V.",2,Book,
"Brief History of the Empire, v4",Stronach k'Thojj III,The final volume describes the rest of the Empire's history leading up to Jagar Tharn.,2,Book,
Brothers of Darkness,Pellarne Assi,A brief history of the Dark Brotherhood,30,Book,
Butcher Journal,The Butcher/Calixto Corrium,A journal revealing the ghoulish motivation behind killings in Windhelm,5,Journal,
Butcher Journal #1,The Butcher/Calixto Corrium,A serial killer's journal entries on stalking a victim,5,Journal,
Butcher Journal #2,The Butcher/Calixto Corrium,"A serial killer's translation on ""flesh"" magic",5,Journal,
Catalogue of Armor Enchantments,"Yvonne Bienne, Synod researcher",A guide to various enchantments that can be bound to apparel.,50,Enchanting skill book,
Catalogue of Weapon Enchantments,"Yvonne Bienne, Synod researcher",A guide to various enchantments that can be bound to weapons.,50,Enchanting skill book,
Cats of Skyrim,Aldetuile,A brief treatise on the few felines that can be found in Skyrim,7,Book,
Chance's Folly,Zylmoc Golge,The folly of a double-crosser,6,Book,
Changed Ones (DB),Anonymous/Unknown,Story of how Boethiah refuted Trinimac,11,Book,
"Charwich-Koniinge Letters, v1",Charwich,A series of letters between Charwich and his friend Koniinge written during their search for Azura's Star.,13,Book,
"Charwich-Koniinge Letters, v3",Charwich,Letters between Charwich and Koniinge about their search for Azura's Star.,13,Book,
"Charwich-Koniinge Letters, v4",Syrix Goinithi,Letters between Charwich and Koniinge about their search for Azura's Star.,13,Book,
"Charwich-Koniinge, v2",Koniinge,Letters between Charwich and Koniinge about their search for Azura's Star.,13,Book,
Chaurus Pie: A Recipe,Nils,A recipe for a pie from chaurus meat,11,Book,
Cherim's Heart,"Livillus Perus, Professor at the Imperial University","Interview with Cherim, a master tapestry weaver",70,Smithing skill book,
Children of the Sky,Anonymous/Unknown,A description of the Nords and the Thu'um,25,Book,
Chimarvamidium,Marobar Sul,Book 6 of a series of fictional stories about the Dwemer,70/20,Heavy Armor skill book,
Chronicles of Nchuleft,An Anonymous Altmer,A historical chronicle of events in the Dwemer Freehold Colony of Nchuleft,30,Book,
Cicero's Journal - Final Volume,Cicero,The personal chronicle of a Dark Brotherhood assassin,100,Journal,
Cicero's Journal - Volume 1,Cicero,The personal chronicle of a Dark Brotherhood assassin,25,Journal,
Cicero's Journal - Volume 2,Cicero,The personal chronicle of a Dark Brotherhood assassin,25,Journal,
Cicero's Journal - Volume 3,Cicero,The personal chronicle of a Dark Brotherhood assassin,25,Journal,
Cicero's Journal - Volume 4,Cicero,The personal chronicle of a Dark Brotherhood assassin,25,Journal,
Cleansing of the Fane,An Anonymous Alessian Scribe,Fragmented script from a member of the Alessian Order,20,Book,
Confessions of a Dunmer Skooma Eater (DB),Tilse Sendas,A narrative of a cured skooma addict,3,Book,
Confessions Of A Khajiit Fur Trader (DG),The Fur Trader,A Khajiit's memoir of the black market fur trade,11,Book,
Cook's Journal,An Unknown Bandit Cook,The journal of a cook that took the phrase dog-eat-dog world a little too literally.,5,Journal,
Darkest Darkness,Anonymous/Unknown,A description of various Daedra,5,Book,
Daughter of the Niben,Sathyr Longleat,The history of Bravil and its famous statue of the Lucky Old Lady,60,Alteration skill book,
Daynas Valen's Journal,Daynas Valen,Details Valen's efforts to hunt down the Gauldur Legend,5,Journal,
Daynas Valen's Notes,Daynas Valen,A summary of research of the Gauldur Legend,5,Note,
De Rerum Dirennis,Vorian Direnni,Tales about a creator of Alchemy Science,55,Alchemy skill book,
Death Blow of Ebernanit,Anonymous (with notes by Geocrates Varnus),Poetic recounting of the death of Dagoth Thras,50,Block skill book,
Death of a Wanderer,Anonymous/Unknown,A tale of an Argonian's unfortunate venture into a Draugr crypt,12,Book,
Deathbrand (DB),Anonymous/Unknown,A Pirate's Tale,20,Book,
Decree of Monument,The Jarls of Skyrim,About recognizing a place of historic value,5,Book,
Diary of Faire Agarwen,Faire Agarwen,Translated from Falmer Text by Calcelmo of Markarth,20,Book,
Diary of Faire Agarwen (DG),Faire Agarwen,Translated from Falmer Text by Calcelmo of Markarth,20,Book,
"Discovering Ruunvald, Vol. I",Moric Sidrey,Part one of a journal describing the excavation of Ruunvald,5,Book,
"Discovering Ruunvald, Vol. II",Moric Sidrey,Part two of a journal describing the excavation of Ruunvald,5,Book,
"Discovering Ruunvald, Vol. III",Moric Sidrey,Part three of a journal describing the excavation of Ruunvald,5,Book,
"Discovering Ruunvald, Vol. IV",Moric Sidrey,Part four of a journal describing the excavation of Ruunvald,5,Book,
Dragon Language: Myth no More,Hela Thrice-Versed,A lengthy thesis on the ancient language of the dragons,14,Book,
Dunmer of Skyrim,Athal Sarys,A proclamation of Dunmer supremacy in eastern Skyrim,7,Book,
"Dwarves, v1","Calcelmo, Scholar of Markarth",Calcelmo's three-part series into the various facets of the Dwemer. The first part looks at architecture and design.,10,Book,
"Dwarves, v2","Calcelmo, Scholar of Markarth","The second part looks at weapons, armor and machines.",10,Book,
"Dwarves, v3","Calcelmo, Scholar of Markarth",The third part looks at culture and history.,10,Book,
Dwemer History and Culture,Hasphat Antabolis,A scholar's review of the Dwemer essays written by Marobar Sul,13,Book,
Dwemer Inquiries Vol I,Thelwe Ghelein,The first book in a three part study by Thelwe Ghelein investigating Dwemer architecture and civilization.,6,Book,
Dwemer Inquiries Vol II,Thelwe Ghelein,The second book in a three part study by Thelwe Ghelein investigating Dwemer architecture and civilization.,6,Book,
Dwemer Inquiries Vol III,Thelwe Ghelein,The third book in a three-part study by Thelwe Ghelein investigating Dwemer architecture and civilization.,6,Book,
Effects of the Elder Scrolls,Justinius Poluhnius,A thesis on the four different types of readers of the Elder Scrolls,25,Book,
Eisa's Journal,Eisa Blackthorn,The journal of a bandit,5,Journal,
Enchanter's Primer,Sergius Turrianus,A guide for novices in enchanting issued by the College of Winterhold,50,Enchanting skill book,
Endrast's Journal,Endrast,A journal detailing Endrast's escape from Falmer in Alftand.,5,Journal,
Erj's Notes,Erj,Notes revealing an expedition team's member selfish intents.,5,Note,
Expedition Manifest,Sulla Trebatius,A basic run-down of the Alftand Expedition Camp and its occupants.,5,Book,
Eydis's Journal (DB),Eydis,,25,Book,
Faded Diary,An Anonymous Refugee,The diary of a refugee from Morrowind who never found safety.,5,Book,
Fall from Glory,Nithilis Lidari,Theories on the weakening of the Skyrim Thieves Guild,8,Book,
Fall of the Snow Prince,Lokheim,"An account of the Battle of the Moesring as transcribed by Lokheim, chronicler to the chieftain Ingjaldr White-Eye",11,Book,
Father Of The Niben,Florin Jaliil,Translation of the fragmented journal of Topal the Pilot,65,Archery skill book,
Feyfolken I,Waughin Jarth,"The first book of a three part tale of a great sage and his lessons for his two students, Taksim and Vonguldak.",12,Book,
Feyfolken II,Waughin Jarth,"The second book of a three part tale of a great sage and his lessons for his two students, Taksim and Vonguldak.",12,Book,
Feyfolken III,Waughin Jarth,"The third book of a three part tale of a great sage and his lessons for his two students, Taksim and Vonguldak.",12,Book,
Final Lesson,Aegrothius Goth,Two apprentices are separated,14,Book,
Fire and Darkness,Ynir Gorming,The history of the Morag Tong assassin guild,50,One-handed skill book,
Fisherman's Journal,Advard,"A fisherman complains about his friend's chpice of fishing location, noting his friend's boat is taking on water. They are both found dead.",5,Journal,
Fisherman's Journal,Anonymous/Unknown,A fisherman writes about superstitions surrounding Lake Ilinalta,5,Journal,
Five Songs of King Wulfharth,Anonymous/Unknown,"A summary of five epic songs of King Wulfharth, plus an apocryphal song of the Tribunal, Dagoth-Ur, and Indoril Nerevar",30,Book,
Flight from the Thalmor,Hadrik Oaken-Heart,A written epitaph of a Nordic skald,13,Book,
"Forge, Hammer and Anvil",Adolphus Eritius,Poorly-written notes on smithing by a Nordic blacksmith in the late Second Era,14,Book,
Fragment: On Artaeum,Taurce il-Anselma,A work explaining some of the history of the Psijic island of Artaeum,20/5,Book,
"Frontier, Conquest",University of Gwylim Press,Details the presence of humans in Tamriel prior to the original Nordic conquests thought to bring humans to Tamriel,5,Book,
Galerion The Mystic,Asgrim Kolsgreg,"A biography of Galerion, a Psijic who founded the Mages Guild",6,Book,
Gallus's Encoded Journal,Gallus Desidenius,The secret encrypted journal of one of the Nightingales,5,Book - Faction,
Gallus's Journal*,Gallus Desidenius,Journal entries noting Mercer Frey's betrayal of the Guild,5,Book - Faction,
Ghosts in the Storm,Adonato Leotelli,Author's tale of his encounter with the Falmer,13,Book,
Glories and Laments,Alexandre Hetrard,"The ""glories"" of the Ayleid city Ceyatatar and ""laments"" over the collapse of the Ayleid civilization",25,Book,
Gods and Worship,Brother Hetchfield,Speculation concerning the worship of gods and their benefit from such,5,Book,
Gratian's Journal (DB),Gratian Caerellius,,125,Book,
Great Harbingers,Swyk the Long-Sighted,Chronicle of some of the leaders of the Companions,13,Book,
Guide to Better Thieving,Wulfmare Shadow-Cloak,A boastful thief discusses the tricks of the trade,60,Pickpocket skill book,
Habd's Journal,Habd,A journal detailing Habd's purchase of the Frostflow Lighthouse and the events leading up the massacre of his family by Falmer,5,Journal,
Hajvarr's Journal,Hajvarr Iron-Hand,A journal relaying the White River bandit gang's problems,5,Journal,
Hallgerd's Tale,Tavi Dromio,Squabbling over the greatest warrior ever leads to a tale of heavy-armor-master Hlaalu Pasoroth,70,Heavy Armor Skill Book,
Hamelyn's Journal,Hamelyn,A journal of a madman intent on raising an army of the undead,75,Journal,
Hanging Gardens,Anonymous/Unknown,"A travel guide to the Hanging Gardens of Wasten Coridale, written in both Dwemeris and Aldmeris",30,Book,
Hargar's Journal,Captain Hargar,Events leading up to the wreckage of the Icerunner.,5,Journal,
Harvesting Frostbite Spider Venom,Anonymous/Unknown,A brief guide to harvesting frostbite spider venom,7,Book,
Heavy Armor Forging,Sven Two-Hammers,A guide to creating Heavy Armor,70,Smithing skill book,
Heddic's Volunruud Notes,Heddic Volunnar,About accessing the tomb of Kvenel the Tongue,5,Note,
Herbalist's Guide to Skyrim,Agneta Falia,"A description of alchemy ingredients found in Tamriel's northernmost province, Skyrim",55,Alchemy skill book,
Herbane's Bestiary: Automatons,Herbane,Herbane's account of his interactions with Dwemer automatons.,14,Book,
Herbane's Bestiary: Hagravens,Herbane,Herbane's account of his interactions with Hagravens.,6,Book,
Herbane's Bestiary: Ice Wraiths,Herbane,Herbane's account of his interactions with Ice Wraiths.,7,Book,
"History of Raven Rock, Vol. I (DB)",Lyrin Telleno,Part one of a description of events surrounding Raven Rock.,7,Book,
"History of Raven Rock, Vol. II (DB)",Lyrin Telleno,Part two of a description of events surrounding Raven Rock.,7,Book,
"History of Raven Rock, Vol. III (DB)",Lyrin Telleno,Part three of a description of events surrounding Raven Rock.,7,Book,
Holdings of Jarl Gjalund,Slafknir the Scribe,An ancient list of settlements within Whiterun Hold,5,Book,
Horker Attacks,Heidmir Starkad,The tale of a horker attack,4,Book,
Horror of Castle Xyr,Baloth-Kul,A One Act Play,55,Destruction skill book,
Hrodulf's Journal (DB),Hrodulf,,10,Book,
Hunter's Journal,An Anonymous Hunter,A hunter describes hunting for bears,5,Journal,
Hunter's Journal,An Anonymous Hunter,A hunter describes hunting beasts near strange ruins,5,Journal,
Ice and Chitin,Pletius Spatec,A tale of the manipulation of chitin armor,50,Light Armor skill book,
Ildari's Journal (DB),Ildari Sarothril,,125,Book,
"Ildari's Journal, vol. I (DB)",Ildari Sarothril,,5,Book,
"Ildari's Journal, vol. II (DB)",Ildari Sarothril,,5,Book,
"Ildari's Journal, vol. III (DB)",Ildari Sarothril,,5,Book,
Immortal Blood,Anonymous/Unknown,Dialogues about fighting with vampires,4,Book,
Imperial Missive,General Tullius,About the Thalmor imprisonment of a Whiterun citizen,0,Note,
Imperial Report on Saarthal,Heseph Chirirnis,A report from a Mages Guild Scholar assigned to Imperial Archaeologist Sentius Floronius,13,Book,
Incident at Necrom,Jonquilla Bothe,A story about an illusionist,60,Illusion skill book,
Invocation of Azura,Sigillah Parate,A work written by the High Priestess of Azura arguing the superiority of Azura to other Daedra Princes,20,Book,
J'zhar's Journal,J'zhar,The journal of one of the Khajiti brothers on an ill-fated expedition,5,Journal,
Japhet's Journal,Japhet,The journal of a man who became consumed by his obsession,5,Journal,
Jornibret's Last Dance,Anonymous/Unknown,Song involving men and women's parts,50,Light Armor skill book,
Journal,Kornalus,About experiments for infusing elemental energy into Frostbite Spiders.,5,Journal,
Journal,Meeko's Former Companion,A dying man's last thoughts,5,Journal,
Journal,An Anonymous Captive,About a woman's fatal trip to her favorite swimming hole,5,Journal,
Journal of Drokt,Drokt,The journal of a man who became obsessed with the Oculory,5,Journal,
Journal of Mirtil Angoth (DG),Mirtil Angoth,Translated from Falmer Text by Calcelmo of Markarth,20,Journal,
Karan's Journal,Karan,About a girl's ill-fated plan to elope with her Dunmer lover.,5,Journal,
Katria's Journal (DG),Katria,"The journal of a woman trying to find The Aetherium Forge, an ancient Dwemer forge",15,Journal,
Killing - Before You're Killed,Eduardo Corvus,Tips on effective combat methods,3,Book,
King,Reven,The final chapter in the adventures of Eslaf Erol,50,Two-handed skill book,
King Olaf's Verse*,Anonymous/Unknown,"A lost part of the Poetic Edda, sung during the burning of Olaf's effigy in Solitude",30,Book,
Kodlak's Journal,Kodlak Whitemane,The last writings of a Harbinger of the Companions,5,Journal,
Kolb & the Dragon,Anonymous/Unknown,A story of a quest to slay a dragon where the reader makes the choices and decides the hero's fate,2,Book,
Krag's Journal,Krag,Notes on an expedition team's progress into Nchuand-Zel.,5,Journal,
Kyr's Log,Kyr,The log of an attempt to turn a crypt into a bandit lair,5,Journal,
Last King of the Ayleids,Herminia Cinna,Story of a slaver's daughter and her Khajiit lover,25,Book,
Last Scabbard of Akrash,Tabar Vunqidh,Story of a slaver's daughter and her Khajiit lover,70,Smithing skill book,
Legend of Krately House,Baloth-Kul,A play about the ghostly Krately family and how they died,75,Sneak skill book,
Life of Uriel Septim VII,Rufus Hayn,A short biography of Uriel Septim VII's accomplishments,5,Book,
Light Armor Forging,Revus Sarvani,A book detailing various aspects of forging the various types of light armor,70,Smithing skill book,
Liminal Bridges,Camilonwe of Alinor,A Discourse On The Theory and Praxis of Traveling Between Mundus and Oblivion,50,Conjuration skill book,
Lives of the Saints (DB),Tribunal Temple,Listing and describing prominent saints of the Dunmer,5,Book,
Lost Legends,"Talsgar the Elder, Archivist of Winterhold",A collection of less well-known folk tales from Skyrim's past,11,Book,
Love Poem,Yngvar the Singer,A steamy love poem written to bring two lovers together,5,Book,
Lu-ah's Journal,Lu'ah Al-Skaven,The journal of a woman trying to raise her husband from the dead through the body of Holgeir,5,Journal,
Lusty Argonian Maid Folio (DB),Crassius Curio,,25,Book,
Lycanthropic Legends of Skyrim,Lentulus Inventius,A recounting of the unwillingness of Skyrim's inhabitants to share stories of Lycanthropy,20,Book,
Lymdrenn Tenvanni's Journal,Lymdrenn Tenvanni,"A father's last words, as transcribed by a family servant",5,Journal,
Mace Etiquette,Anonymous/Unknown,A warrior's instruction pamphlet on proper mace tactics,50,One-handed skill book,
Magic from the Sky,Irlav Jarol,"Treatise concerning Ayleid Wells, Welkynd Stones, and Varla Stones",12,Book,
Maluril's Journal,Maluril Ferano,a Dunmer scholar studying the Dwemer culture who became a target of a Dark Brotherhood contract,5,Journal,
Malyn Varen's Grimoire,"Malyn Varen, Master Enchanter",A proud mage boasts of altering a Daedric artifact,30,Book,
"Mannimarco, King of Worms",Horicles,"Biography of Mannimarco, the leader of Necromancers, in verse",55,Alchemy skill book,
Margret's Journal,Margret,An Imperial Legion spy's journal detailing a mission to acquire the Cidhna Mine,5,Journal,
Markarth Home Decorating Guide,Anonymous/Unknown,Details on accessory packages available for a Markarth home,5,Book,
Master Illusion Text*,Anonymous/Unknown,There is no known translation as of yet.,5,Book,
Master Illusion Text*,Anonymous/Unknown,There is no known translation as of yet.,5,Book,
Master Illusion Text*,Anonymous/Unknown,There is no known translation as of yet.,5,Book,
Master Illusion Text*,Anonymous/Unknown,There is no known translation as of yet.,5,Book,
Medresi's Notes,Medresi Dran,The Journal of Medresi Dran,5,Journal,
Merchant's Journal,An Anonymous Merchant's Wife,A merchant's wife commits to going with him as he travels dangerous trade routes,5,Journal,
Merilar's Journal (DB),Merilar Rendas,,5,Book,
Midden Incident Report,A Scholar of Winterhold College,A report on the fate of missing students in the Midden who were all found with similar injuries,5,Book,
Miner's Journal,Hadrir,A miner writes about the disappearance of his friend during their attempt to work a badly damaged mine,5,Journal,
Minorne (DG),Moric Sidrey,Religious text praising a conjurer who has charmed people into worshipping her,5,Book,
Mixed Unit Tactics,Codus Callonus,A book about the strategies of the Khajiit during the Five Years War,5,Book,
Mysterious Akavir,Anonymous/Unknown,Information about the continent Akavir,5,Book,
"Mystery of Talara, Part 4",Mera Llykith,Part four of the story of Princess Talara.,60,Illusion skill book,
"Mystery of Talara, v 1",Mera Llykith,Part one in a series of books about a fictional Breton princess.,3,Book,
"Mystery of Talara, v 2",Mera Llykith,Part two of the story of Princess Talara.,55,Restoration skill book,
"Mystery of Talara, v3",Mera Llykith,Part three of the story of Princess Talara.,55,Destruction skill book,
"Mystery of Talara, v5",Mera Llykith,Part five of the story of Princess Talara.,11,Book,
Mythic Dawn Commentaries 1,Mankar Camoran,First in a four part guide for new members of the Mythic Dawn.,25,Book,
Mythic Dawn Commentaries 2,Mankar Camoran,Second in a four part guide for new members of the Mythic Dawn.,25,Book,
Mythic Dawn Commentaries 3,Mankar Camoran,Third in a four part guide for new members of the Mythic Dawn.,25,Book,
Mythic Dawn Commentaries 4,Mankar Camoran,Last book in a four part guide for new members of the Mythic Dawn.,25,Book,
Myths of Sheogorath,Mymophonus,Magical myths about the Madgod himself,2,Book,
N'Gasta! Kvata! Kvakis!,N'Gasta,An obscure text written in the language of the Sload by a necromancer,20,Book,
Nchunak's Fire and Faith (DB),Nchunak,Nchunak's journey among the Dwemer and his attempts to understand the teachings of Kagrenac,20,Book,
Nepos's Journal,Nepos the Nose,The regretful musings of an elderly Forsworn agent,5,Book - Faction,
Nerevar at Red Mountain (DB),Tribunal Temple,A scholarly description of the events surrounding the Battle at Red Mountain and its aftermath,30,Book,
Nerevar Moon and Star,An Imperial Scholar,An Imperial scholarly work on the legend of Indoril Nerevar,,,
Night Falls on Sentinel,Boali,How a knight weeds out an enemy of the king,50,One-handed skill book,
Night of Tears*,Dranor Seleth,An inquiry into the cause of the Night of Tears,5,Book,
Nightingales: Fact or Fiction?,Wilimina Roth,Dissertation discussing whether a mysterious group of thieves actually exists,3,Book,
Nords Arise!,Anonymous/Unknown,Stormcloak's recruitment essay calling for rebellion against the Empire,4,Book,
Nords of Skyrim,Hrothmund Wolf-Heart,An essay professing the finer qualities of Nords,6,Book,
"Notes on Dimhollow Crypt, Vol. 3 (DG)",Adalvald,Journal written by a member of the Vigilants of Stendarr as he searches Dimhollow Crypt for vampires.,11,Journal,
Notes On The Lunar Forge,Anonymous/Unknown,Observations about Lunar weapons,55,Book,
Notes on Yngol Barrow,An Anonymous Dead Scholar,A scholar's transcription of ancient Nord writings in a Skyrim barrow,5,Book,
Nystrom's Journal,Nystrom,A bandit's journal on attempting to con their way into the Twilight Sepulcher,150,Journal,
Ode To The Tundrastriders,Anonymous/Unknown,A poem dedicated to giants,8,Book,
Of Crossed Daggers,Dwennon Wyndell,The story of Riften's fall from grace,5,Book,
Of Fjori and Holgeir,Anonymous/Unknown,A tale of two star-crossed lovers in Skyrim,6,Book,
Oghma Infinium,Xarxes,An ancient text containing the knowledge of Hermaeus Mora,2500,Book,
Olaf and the Dragon,Adonato Leotelli,A historian ponders the legend of Olaf One-Eye and Numinex,2,Book,
Old Tome,Anonymous/Unknown,A poetic hint on how to open a hidden door,5,Book,
On Apocrypha: Boneless Limbs (DB)*,Anonymous/Unknown,,100,Book,
On Apocrypha: Delving Pincers (DB)*,Anonymous/Unknown,,100,Book,
On Apocrypha: Gnashing Blades (DB)*,Anonymous/Unknown,,100,Book,
On Apocrypha: Prying Orbs (DB)*,Anonymous/Unknown,,100,Book,
On Oblivion,Morian Zenas,A guide to Oblivion and the Daedra,10,Book,
On Stepping Lightly,Sigilis Justus,A warning on what to expect in the ruins of Skyrim,12,Book,
On the Great Collapse,Arch-Mage Deneth,A letter from the Arch-Mage of the College of Winterhold to the Jarl following the Great Collapse,12,Book,
Opusculus Lamae Bal,"Mabei Aywenil, Scribe",A brief account of Lamae Bal and the Restless Death,14,Book,
Orsinium and the Orcs,Menyna Gsost,The story of how Gortwog won the land to the north of Wayrest,70,Book,
"Palla, volume 1",Vojne Mierstyyd,Part one of the tale of an infatuated and mistaken magician.,3,Book,
"Palla, volume 2",Vojne Mierstyyd,Part two of the tale of an infatuated and mistaken magician.,10,Book,
Pension of the Ancestor Moth,The Order of the Ancestor Moth,A Temple novice's initiatory pamphlet on the Cult of the Ancestor Moth,8,Heavy Armor Skill Book,
Physicalities of Werewolves,Reman Crex,A morbid anatomical study of werewolves on live subjects,14,Book,
Pirate King of the Abecean,Anonymous/Unknown,An ode to the Pirate King,6,Book,
Power of the Elements,Anonymous/Unknown,Five verses required for learning the Destructional Ritual Spell,5,Book,
Proper Lock Design,Anonymous/Unknown,"Written as a manual for lock designers, unintentionally helpful to thieves",75,Lockpicking skill book,
Purloined Shadows,Waughin Jarth,A chill tale recounting the theft of Nocturnal's cowl,60,Pickpocket skill book,
Racial Phylogeny,"The Council of Healers, Imperial University",About the similarities and differences between the races of Tamriel,55,Restoration skill book,
Raleth Eldri's Notes on Kagrumez (DB),Raleth Eldri,,5,Book,
Ramati's Journal,Ramati,A journal detailing a Redguard family's purchase of the Frostflow Lighthouse leading up to their massacre by Falmer,5,Journal,
Reality & Other Falsehoods,Anonymous/Unknown,Summary of the basic principles of Alteration magic,60,Alteration skill book,
Red Eagle's Rite,The Forsworn,A rite to raise the legendary Red Eagle from death,5,Book - Faction,
Remanada,Anonymous/Unknown,"Fragmented, mythical recounting of the conception of Reman and the return of the Chim-el Adabal with the people of Tamriel",20,Book,
Report: Disaster at Ionith,"Lord Pottreid, Chairman",An Imperial-scripted dispatch concerning Uriel V's invasion of Akavir,3,Book,
Research Log,First Adjunct Oronrel,A letter to a member of the Binder's Conclave chastising them for their lack of progress on focusing the Oculory,5,Note,
Research Notes,Sulla Trebatius,Research notes on the discovery of Dwarven Spider Automatons.,5,Book,
Response to Bero's Speech,"Malviser, Battlemage","Commentaries of ""Bero's Speech to the Battlemages"" book",55,Destruction skill book,
Riften Home Decorating Guide,Anonymous/Unknown,Details on accessory packages available for a Riften home,5,Book,
"Rising Threat, Vol. I",Lathenil of Sunhold,"Account of Lathenil, an Altmer refugee from Summerset Isle who came to Cyrodiil in the early years of the Fourth Era.",6,Book,
"Rising Threat, Vol. II",Waughin Jarth,Part two of the story of the Altmer refugee.,6,Book,
"Rising Threat, Vol. III",Lathenil of Sunhold,Part three of the story of the Altmer refugee.,6,Book,
"Rising Threat, Vol. IV",Lathenil of Sunhold,Part four of the story of the Altmer refugee.,6,Book,
Rislav The Righteous,Sinjin,"Heroic tales of Rislav Larich, ancient King of Skingrad",50,Light Armor skill book,
Ruined Trailbook,An Anonymous Traveler,Travel log of an ill-fated group's accidental foray into Falmer territory.,5,Book,
Ruins of Kemel-Ze,Rolard Nordssen,An archaeologist's adventure through ancient Dwemer ruins,7,Book,
Ruminations on the Elder Scrolls,Septimus Signus,A philosophical view on the role of the Elder Scrolls,30,Book,
Runil's Journal,Runil,The journal of a priest that portents the return of Dragons and the arrival of the Dovahkiin.,5,Journal,
Sacred Witness,Enric Milnes,Account of Enric's meeting with the Night Mother and career as an assassin,75,Sneak skill book,
Saden's Journal (DB),Saden,,1,Book,
Saint Jiub's Opus (DG),Jiub,Saint Jiub the Eradicator of the Winged Menace recounts his rise to glory,1250,Book,
Scourge of the Gray Quarter,Frilgeth Horse-Breaker,A complaint on the presence and behavior of the growing Dunmer population of Skyrim,8,Book,
Servos's Journal (DB),Servos Rendas,,5,Book,
Shadowmarks,Delvin Mallory,A list of symbols members of the Thieves Guild leave behind for each other.,30,Book,
Shalidor's Insights*,Shalidor,A disquisition on the origin and nature of Dragons,5,Book,
Shezarr and the Divines,"Faustillus Junius, Subcurator of Ancient Theology and Paleonumerology",The relationship between the god Shezarr and the other Cyrodilic deities,11,Book,
Short History of Morrowind,Jeanette Sitte,Some excerpts from the book's introduction and its section on Vvardenfell,15,Book,
Sild's Journal,Sild the Warlock,Journal entries on how a warlock captures live test subjects with a pit fall trap.,5,Journal,
Sinderion's Field Journal,Sinderion,A detailed account of an alchemist's obsession with Nirnroot,30,Journal,
Sithis,Anonymous/Unknown,Text detailing an apparent connection between Sithis and Lorkhan,60,Alteration skill book,
Skorm Snow-Strider's Journal,Skorm Snow-Strider,The journal of a First Era Nordic commander and his encounter with the Dragon Cult,5,Journal,
Skyrim's Rule,Abdul-Mujib Ababneh,A Redguard explains Skyrim's political system,14,Book,
Smuggler's Journal,An Anonymous Smuggler,A smuggler just discovered he has been smuggling bodies,5,Journal,
Solitude Home Decorating Guide,Anonymous/Unknown,Details on accessory packages available for a Solitude home,5,Book,
Song Of Hrormir,Anonymous/Unknown,"The epic narrative of Hrormir, one-time champion of Nocturnal",50,Two-handed skill book,
Song of the Alchemists,Marobar Sul,Book 5 of an incomplete series of fictional stories about the Dwemer,55,Alchemy skill book,
Song of the Askelde Men,Anonymous/Unknown,A traditional Nordic poem about a ghost stalking those that killed him,5,Book,
Songs of Skyrim,Giraud Gemaine,"Collection of songs from Skyrim including Ragnar the Red, The Dragonborn Comes and The Age of Oppression.",10,Book,
Songs of Skyrim: Revised,Giraud Gemaine,"A revised collection of songs from Skyrim, including Tale of the Tongues.",14,Book,
"Songs of the Return, Vol 19",Anonymous/Unknown,The story describing the founding and building of Windhelm.,6,Book,
"Songs of the Return, Vol 2",Anonymous/Unknown,The story of Yngol and Ylgar's journey to Skyrim.,6,Book,
"Songs of the Return, vol 24",Anonymous/Unknown,Tales of certain crews from the Five Hundred Companions who explored other provinces in Tamriel.,30,Book,
"Songs of the Return, Vol 56",Anonymous/Unknown,"The crews were slowly informed of Ysgramor's passing, and so ended the period of the Return.",6,Book,
"Songs of the Return, Vol 7",Anonymous/Unknown,Various tales of Ysgramor and his Five Hundred Companions' settlement of Skyrim.,6,Book,
"Souls, Black and White",Anonymous Scholar,Basics on black and white soul gems.,20,Book,
Sovngarde: A Reexamination,Bereditte Jastal,Speculative article on how to reach the Nordish afterlife Sovngarde.,12,Book,
Spell Tome: Ash Rune (DB),,"Cast on a nearby surface, it explodes when enemies are nearby, immobilizing them in hardened ash for 30 seconds:",425,Alteration Spell Tome,
Spell Tome: Ash Shell (DB),,Targets that fail to resist are immobilized in hardened ash for 30 seconds:,425,Alteration Spell Tome,
Spell Tome: Bane of the Undead*,,Sets undead up to level 30 on fire and makes them flee for 30 seconds,1200,Restoration Spell Tome,
Spell Tome: Banish Daedra,,Returns weaker daedra to Oblivion,346,Conjuration Spell Tome,
Spell Tome: Blizzard,,Targets take 20 frost damage + Stamina damage for 10 seconds,1350,Destruction Spell Tome,
Spell Tome: Boneman (DG),,Summons a Boneman Archer from the Soul Cairn for 60 seconds wherever the caster is pointing:,75,Conjuration Spell Tome,
Spell Tome: Bound Battleaxe,,Creates a magic battleaxe for 120 seconds,99,Conjuration Spell Tome,
Spell Tome: Bound Bow,,Creates a magic bow for 120 seconds,335,Conjuration Spell Tome,
Spell Tome: Bound Dagger (DB),,Creates a magic dagger for 120 seconds. Sheathe it to dispe,38,Conjuration Spell Tome,
Spell Tome: Bound Sword,,Creates magic sword for 120 seconds,49,Conjuration Spell Tome,
Spell Tome: Call to Arms,,"Targets have improved combat skills, health and stamina for 10 minutes",1150,Illusion Spell Tome,
Spell Tome: Calm,,Creatures and people up to level 9 won't fight for 30 seconds,91,Illusion Spell Tome,
Spell Tome: Candlelight,,Create hovering light that lasts 60 seconds,44,Alteration Spell Tome,
Spell Tome: Chain Lightning,,"Lightning bolt that shock damages health magicka, then leaps to another target",390,Destruction Spell Tome,
Spell Tome: Circle of Protection,,Undead up to level 20 entering the circle will flee,650,Restoration Spell Tome,
Spell Tome: Clairvoyance,,Shows the path to the current goal,50,Illusion Spell Tome,
Spell Tome: Close Wounds,,Heals caster 100 points of health,360,Restoration Spell Tome,
Spell Tome: Command_Daedra,,Powerful summoned & raised creatures are put under your control,660,Conjuration Spell Tome,
Spell Tome: Conjure Ash Guardian (DB),,"Creates an Ash Guardian that guards that location until destroyed. Consumes a heart stone from your inventory, without which it will be hostile.",720,Conjuration Spell Tome,
Spell Tome: Conjure Ash Spawn (DB),,Summons an Ash Spawn for 60 seconds wherever the caster is pointing:,338,Conjuration Spell Tome,
Spell Tome: Conjure Dremora Lord,,Summons a Dremora Lord to fight for you for 120 seconds,730,Conjuration Spell Tome,
Spell Tome: Conjure Familiar,,Summons a familiar for 60 seconds where the caster is pointing,49,Conjuration Spell Tome,
Spell Tome: Conjure Flame Atronach,,Summons a flame atronach for 60 seconds where the caster is pointing,99,Conjuration Spell Tome,
Spell Tome: Conjure Frost Atronach,,Summons a frost atronach for 60 seconds where the caster is pointing,347,Conjuration Spell Tome,
Spell Tome: Conjure Mistman (DG),,Summons a Mistman from the Soul Cairn for 60 seconds wherever the caster is pointing:,75,Conjuration Spell Tome,
Spell Tome: Conjure Seeker (DB),,Summons a Seeker for 60 seconds wherever the caster is pointing:,307,Conjuration Spell Tome,
Spell Tome: Conjure Storm Atronach,,Summons a storm atronach for 60 seconds where the caster is pointing,690,Conjuration Spell Tome,
Spell Tome: Conjure Wrathman (DG),,Summons a Wrathman from the Soul Cairn for 60 seconds wherever the caster is pointing:,75,Conjuration Spell Tome,
Spell Tome: Courage,,Target won't flee for 60 seconds and gains some extra health and stamina,46,Illusion Spell Tome,
Spell Tome: Dead Thrall,,Reanimate a dead person permanently to fight for you,1270,Conjuration Spell Tome,
Spell Tome: Detect Dead,,See nearby dead through walls,600,Alteration Spell Tome,
Spell Tome: Detect Life,,See nearby living through walls,332,Alteration Spell Tome,
Spell Tome: Dragonhide*,,Caster ignores 80% of physical damage for 30 seconds,1389,Alteration Spell Tome,
Spell Tome: Dread Zombie,,Reanimate a very powerful dead body to fight for you for 60 sec,630,Conjuration Spell Tome,
Spell Tome: Ebonyflesh,,Improves caster's armor by 100 points for 60 seconds,650,Alteration Spell Tome,
Spell Tome: Equilibrium,,Convert 20/s Health into 20/s Magicka,250,Alteration Spell Tome,
Spell Tome: Expel Daedra,,Powerful summoned daedra creatures are sent back to Oblivion,620,Conjuration Spell Tome,
Spell Tome: Fast Healing,,Instantly heals caster 50 points,94,Restoration Spell Tome,
Spell Tome: Fear,,Creatures and people up to level 9 flee from combat for 30 seconds,80,Illusion Spell Tome,
Spell Tome: Fire Rune,,"Cast on a nearby surface, it explodes for 50 points of fire damage when enemies come near",90,Destruction Spell Tome,
Spell Tome: Fire Storm*,,When cast it explodes for 150 points of fire damage to nearby enemies,1290,Destruction Spell Tome,
Spell Tome: Fireball,,A fiery explosion for 50 points of damage in 15 foot radius; targets on fire take extra damage,345,Destruction Spell Tome,
Spell Tome: Firebolt,,A blast of fire that does 25 points of damage; targets on fire take extra damage,96,Destruction Spell Tome,
Spell Tome: Flame Cloak,,"For 60 seconds, opponents in melee range take 8/s fire damage; targets on fire take extra damage",325,Destruction Spell Tome,
Spell Tome: Flame Thrall*,,Summons a Flame Atronach permanently,1260,Conjuration Spell Tome,
Spell Tome: Flames,,Shoot flames from one or both hands for 8/s fire damage; targets on fire take extra damage,50,Destruction Spell Tome,
Spell Tome: Flaming Familiar*,,Summons flaming familiar that attacks then explodes causing flame damage,250,Conjuration Spell Tome,
Spell Tome: Frenzy,,Creatures and people up to level 14 will attack anyone nearby,330,Illusion Spell Tome,
Spell Tome: Frenzy Rune (DB),,Targets up to level 20 that fail to resist are frenzied for 30 seconds,310,Illusion Spell Tome,
Spell Tome: Frost Cloak,,"For 60 seconds, opponents in melee range take 8/s frost damage and stamina damage",340,Destruction Spell Tome,
Spell Tome: Frost Rune,,"Cast on a nearby surface, it explodes for 50 points of frost damage when enemies come near",92,Destruction Spell Tome,
Spell Tome: Frost Thrall,,Summons a Frost Atronach permanently,1300,Conjuration Spell Tome,
Spell Tome: Frostbite,,A blast of cold that does 8/s per second to health and stamina,47,Destruction Spell Tome,
Spell Tome: Fury,,Creatures and people up to level 6 will attack anything nearby for 30 seconds,43,Illusion Spell Tome,
Spell Tome: Grand Healing,,Heals everyone (including enemies) close to caster (up to 300 points),680,Restoration Spell Tome,
Spell Tome: Greater Ward,,Increases armor rating by 80 points and negates up to 80 points of spell damage or effects,341,Restoration Spell Tome,
Spell Tome: Guardian Circle,,Undead up to level 35 entering the circle will flee; caster heals 20/s,1220,Restoration Spell Tome,
Spell Tome: Harmony,,Creatures and people up to level 25 nearby won't fight for 60 seconds,1220,Illusion Spell Tome,
Spell Tome: Heal Other,,"Heals the target 75 points of health, but not undead, atronachs, or machines",300,Restoration Spell Tome,
Spell Tome: Heal Undead (DG),,"Heals the undead target 75 points, but not the living, atronachs or machines",370,Restoration Spell Tome,
Spell Tome: Healing,,Heals caster 10/s,50,Restoration Spell Tome,
Spell Tome: Healing Hands,,"Heals target 10/s, but not undead, atronachs, or machines",89,Restoration Spell Tome,
Spell Tome: Hysteria*,,Creatures and people up to level 25 flee from combat for 60 seconds,1240,Illusion Spell Tome,
Spell Tome: Ice Spike,,Throw a spike of ice that does 25 points of frost damage to health and stamina,96,Destruction Spell Tome,
Spell Tome: Ice Storm,,Create a freezing whirlwind that does 40/s frost damage to health and stamina,360,Destruction Spell Tome,
Spell Tome: Icy Spear,,Throw spear of ice that does 60 points of frost damage to health and stamina,725,Destruction Spell Tome,
Spell Tome: Incinerate,,Create blast of fire that does 60 points of damage; targets on fire take extra damage,710,Destruction Spell Tome,
Spell Tome: Invisibility,,Caster is invisible (but can still be heard) for 30 seconds; activating an object or attacking will break the spell,625,Illusion Spell Tome,
Spell Tome: Ironflesh,,Improves caster's armor by 80 points for 60 seconds,341,Alteration Spell Tome,
Spell Tome: Lesser Ward,,Increases armor rating by 40 points and negates up to 40 points of spell damage or effects,45,Restoration Spell Tome,
Spell Tome: Lightning Bolt,,Create a bolt of lightning that does 25 points of shock damage to health and half that to magicka,95,Destruction Spell Tome,
Spell Tome: Lightning Cloak,,For 60 seconds nearby opponents take 8 points shock damage and half magicka damage,355,Destruction Spell Tome,
Spell Tome: Lightning Rune,,"Cast on a nearby surface, explodes for 50 points of shock damage when enemies come near",93,Destruction Spell Tome,
Spell Tome: Lightning Storm,,Target takes 75/s shock damage to Health and 75/2s damage to Magicka,1400,Destruction Spell Tome,
Spell Tome: Magelight,,Stick a 60-second ball of light where it strikes when cast,87,Alteration Spell Tome,
Spell Tome: Mass Paralysis,,All targets in the area that fail to resist are paralyzed for 15 sec,1280,Alteration Spell Tome,
Spell Tome: Mayhem,,Creatures and people up to level 25 will attack anyone nearby for 60 seconds,1250,Illusion Spell Tome,
Spell Tome: Muffle,,Allows player to move more quietly for 180 seconds,88,Illusion Spell Tome,
Spell Tome: Necromantic Healing (DG),,"Heals the undead target 10 points per second, but not the living, atronachs or machines",115,Restoration Spell Tome,
Spell Tome: Oakflesh,,Improves caster's armor by 40 points for 60 seconds,44,Alteration Spell Tome,
Spell Tome: Pacify,,Creatures and people up to level 20 won't fight for 60 seconds,610,Illusion Spell Tome,
Spell Tome: Paralyze,,Targets that fail to resist are paralyzed for 10 sec,685,Alteration Spell Tome,
Spell Tome: Poison Rune (DB),,Targets that fail to resist take 3 points of poison damage per second for 30 seconds,290,Restoration Spell Tome,
Spell Tome: Raise Zombie,,Reanimate a weak dead body to fight for 60 seconds,49,Conjuration Spell Tome,
Spell Tome: Rally,,Targets won't flee for 60 seconds and boosts player's health and stamina,300,Illusion Spell Tome,
Spell Tome: Reanimate Corpse,,Reanimate a more powerful dead body to fight for 60 seconds,99,Conjuration Spell Tome,
Spell Tome: Repel Lesser Undead,,Affected undead to level 8 flee for 30 seconds,333,Restoration Spell Tome,
Spell Tome: Repel Undead,,Affected undead to level 16 flee for 30 seconds,655,Restoration Spell Tome,
Spell Tome: Revenant,,Reanimate a powerful dead body to fight for 60 seconds,340,Conjuration Spell Tome,
Spell Tome: Rout,,Creatures and people up to level 20 flee from combat for 30 sec,653,Illusion Spell Tome,
Spell Tome: Soul Trap,,Fills a soul gem if target dies within 60 seconds of casting,100,Conjuration Spell Tome,
Spell Tome: Sparks,,Create a bolt of lightning that does 10/s shock damage to health and 5/s to magicka,46,Destruction Spell Tome,
Spell Tome: Steadfast Ward,,Increases armor rating 60 / negates up to 60 points spell damage or effects,92,Restoration Spell Tome,
Spell Tome: Stendarr's Aura (DG),,"For 60 seconds, undead in melee range take 10 points sun damage per second",335,Restoration Spell Tome,
Spell Tome: Stoneflesh,,Improves caster's armor by 60 points for 60 seconds,95,Alteration Spell Tome,
Spell Tome: Storm Thrall,,Summons a Storm Atronach permanently,1350,Conjuration Spell Tome,
Spell Tome: Sun Fire (DG),,Ball of sunlight that does 25 points of damage to undead,80,Restoration Spell Tome,
Spell Tome: Telekinesis,,Target item and hover it nearer or cast it away,326,Alteration Spell Tome,
Spell Tome: Thunderbolt,,Create a thunderbolt that does 60 points of shock damage to health and half that to magicka,750,Destruction Spell Tome,
Spell Tome: Transmute Mineral Ore,,Transmute one piece of unrefined Iron Ore to Silver Ore or Silver Ore to Gold Ore,200,Alteration Spell Tome,
Spell Tome: Turn Lesser Undead,,Undead to level 6 flee for 30 seconds,89,Restoration Spell Tome,
Spell Tome: Turn Undead,,Undead to level 13 flee for 30 seconds,323,Restoration Spell Tome,
Spell Tome: Turn_Greater Undead,,Undead to level 21 flee for 30 seconds,664,Restoration Spell Tome,
Spell Tome: Vampire's Bane (DG),,Sunlight explosion that does 40 points of damage in a 15 foot radius to undead,340,Restoration Spell Tome,
Spell Tome: Wall of Flames,,"Sprayed on the ground, creates wall of flames that does 50/s fire damage",680,Destruction Spell Tome,
Spell Tome: Wall of Frost,,"Sprayed on the ground, creates wall of frost that does 50/s frost damage",700,Destruction Spell Tome,
Spell Tome: Wall of Storms,,"Sprayed on the ground, creates wall of lightning that does 50/s shock damage",725,Destruction Spell Tome,
Spell Tome: Waterbreathing,,Breathe under water for 60 seconds,340,Alteration Spell Tome,
Spell Tome: Whirlwind Cloak (DB),,"For 60 seconds, opponents in melee range have a chance of being flung away",395,Destruction Spell Tome,
Spider Experiment Notes (DB),Anonymous/Unknown,,5,Book,
Spirit of Nirn,Anonymous/Unknown,Short text on differing cultural views of Lorkhan.,6,Book,
Spirit of the Daedra,Anonymous/Unknown,Informative view into the nature of the Daedra.,25,Book,
Staubin's Diary,Staubin,An account of an expedition into Nchuand-Zel.,5,Journal,
Stromm's Diary,Stromm,Research notes on an expedition into Nchuzand-Zel,5,Journal,
Sudi's Journal,Sudi,A journal detailing the moments from Sudi moving into Frostflow Lighthouse until her family's massacre by Falmer,5,Journal,
Sulla's Journal,Sulla Trebatius,A journal describing an ill fated excavation of Alftand,5,Journal,
Surfeit of Thieves,Aniis Noru,Two thieves planned robbery of a secluded castle doesn't go to plan when they are forced to become guests for dinner.,75,Lockpicking skill book,
Suvaris Atheron's Logbook,Suvaris Atheron,A journal about the operations of the Clan Shatter-Shield shipping company,5,Book,
Tattered Journal,An Anonymous Miner,A miner has been working in a dangerously unstable mine,5,Journal,
Tattered Journal,An Anonymous Adventurer,"A journal detailing a fight with the ""white elves"" in Tolvald's Cave",5,Journal,
Thalmor Dossier: Delphine,The Thalmor,Thalmor Dossier on the Blades agent Delphine,5,Note,
Thalmor Dossier: Esbern,The Thalmor,Thalmor Dossier on the Blades Loremaster Esbern,5,Note,
Thalmor Dossier: Ulfric Stormcloak,The Thalmor,Thalmor Dossier on the Stormcloaks leader and Jarl of Windhelm Ulfric Stormcloak.,5,Note,
"The ""Madmen"" of the Reach",,,,Book,
The Adabal-a,Morihaus,"The memoirs of Morihaus, consort to Alessia and Taker of the Citadel",25,Book,
The Aetherium Wars,Taron Dreth,A treatise on the collapse of Dwemer city-states in Skyrim,15,Book,
The Alduin/Akatosh Dichotomy,"Alexandre Simon, High Priest of the Akatosh Chantry, Wayrest",A priest's deductions on the relation between Akatosh and Alduin,8,Book,
The Amulet of Kings,Wenengrus Monhona,Chronicles the creation of the Amulet of Kings,6,Book,
The Anticipations (DB),Anonymous/Unknown,Overview of the members of and the relationship between the Tribunal and the Daedra,14,Book,
The Apprentice's Assistant,Aramril,Advice from Valenwood's most prestigious spellcaster,12,Book,
The Arcturian Heresy,"The Underking, Ysmir Kingmaker","A brief, undated, early historical document covering the Underking and Tiber Septim",6,Book,
The Armorer's Challenge,Mymophonus,A competition between two skilled armorsmiths,70,Smithing skill book,
The Art of War Magic,"Zurin Arctus, with Commentary By Other Learned Masters",Mastering the art of winning,55,Destruction skill book,
The Axe Man (DB),Anonymous/Unknown,A surprising way to become proficient with an axe,6,Book,
The Bear of Markarth,"Arrianus Arius, Imperial Scholar",An account of Ulfric Stormcloak's short-lived independent reign over the Reach,8,Book,
The Beginner's Guide to Homesteading,Anonymous/Unknown,A guide to building and furnishing a house on your purchased plot of land,10,Book,
The Betrayed (DG),Engwe Emeloth,Translated from Falmer Text by Calcelmo of Markarth,20,Book,
"The Black Arrow, v1",Gorgic Guine,"Part one of a tale by Gorgic Guine, footman who became a bard, detailing some of his experiences before and during his time as a servant of the Duchess of Woda.",2,Book,
"The Black Arrow, v2",Gorgic Guine,"Part two of a tale by Gorgic Guine, footman who became a bard, detailing some of his experiences during and after his time as a servant of the Duchess of Woda.",65,Archery skill book,
The Black Arts On Trial,"Hannibal Traven, Archmagister of the Mages Guild",Hannibal Traven's arguments for and against the study of necromancy in the Mages' Guild.,60,Illusion skill book,
The Book of Daedra,Anonymous/Unknown,A description of the different Daedra that rule the planes of Oblivion.,5,Book,
The Book of Fate,Member of the Arcane University,"A book with empty pages, pages that are said to contain the reader's fate.",40,Book,
The Book of Life and Service (DG),Anonymous/Unknown,Obscure writings about the undead inhabitants of the Soul Cairn.,35,Book,
The Book of the Dragonborn,Prior Emelene Madrine,A book describing the Dragonborn in history as well as an analysis of the Prophecy of the Dragonborn.,12,Book,
The Buying Game,Adabael Timsar-Dadisun,"A book encouraging haggling, and giving guidelines on how the activity is practiced in Elsweyr.",60,Speech skill book,
The Cabin in the Woods,As Told By Mogen Son of Molag,A poorly written tale of a soldier's haunting experiences in his travels through a forest.,8,Book,
The Cake and The Diamond,Athyn Muendil,"Tale of Aelle Chriditte, a Breton Alchemist who outwits a Dunmer and his friends, and absconds with a diamond.",5,Book,
The City of Stone,Amanda Alleia,A mercenary's guide to the city of Markarth.,4,Book,
The Code of Malacath,Amanda Alleia,A book about the Orsimer race.,2,Book,
The Doors of Oblivion,Seif-ij Hidja,"A book describing the travels of Morian Zenas through the different realms of Oblivion, written by his apprentice, Seif-ij Hidja.",50,Conjuration skill book,
The Doors of the Spirit (DB),Anonymous/Unknown,Mantra of the Dunmer spirits,5,Book,
The Dowry,Marobar Sul,Book 10 of a series of fictional stories about the Dwemer,11,Book,
The Dragon Break,Fal Droon,Explanation of a historical error of timing,14,Book,
The Dragon War,Torhal Bjorik,A religious text describing the primordial war between men and dragons,12,Book,
The Dreamstride,The Mysterious Alchemists of Vaermina,A description of the nature and effect of Vaermina's Torpor,5,Book,
The Exodus,Waughin Jarth,The tale of a parent's desperate bid to save their only child,55,Restoration skill book,
The Falmer: A Study,Ursa Uthrax,"A study on Falmer, recounting their war with the Dwemer",11,Book,
The Firmament,Ffoulke,A book of constellations and their meanings,5,Book,
The Firsthold Revolt,Maveus Cie,The story of how Hlaalu Helseth's sister kept the Summerset Isle city of Firsthold,7,Book,
The Five Far Stars (DB),Zershishi Mus-Manul,Ashlander poetry,7,Book,
The Four Totems of Volskygge,Anonymous/Unknown,A logic puzzle holding the secret to opening a barred gate.,5,Book,
The Gold Ribbon of Merit,Ampyrian Brum,A man tutors his old friend in marksmanship,65,Archery skill book,
The Great War,Legate Justianus Quintius,A soldier's summation of the major events before and during the Great War,6,Book,
The Guardian and the Traitor (DB),Lucius Gallus,"A Skaal legend, describing a Dragon Priest's corruption by Herma-Mora",20,Book,
The Holds of Skyrim,The Empire,The official guide of the Imperial Legion to Skyrim and its holds,3,Book,
The Hope of the Redoran,Turiul Nirith,A tale of a child blessed by a prophecy and the interpretation thereof,5,Book,
The House of Troubles (DB),Anonymous/Unknown,Chronicle of the Daedra who decided not to submit to the Tribunal,7,Book,
The Importance of Where,Marobar Sul,Book 3 of an incomplete series of fictional stories about the Dwemer,50,One-handed skill book,
The Journal of Ralis Sedarys - Volume 19 (DB),Ralis Sedarys,,5,Book,
The Journal of Ralis Sedarys - Volume 20 (DB),Ralis Sedarys,,5,Book,
The Journal of Ralis Sedarys - Volume 21 (DB),Ralis Sedarys,,5,Book,
The Journal of Ralis Sedarys - Volume 22 (DB),Ralis Sedarys,,5,Book,
The Journal of Ralis Sedarys - Volume 23 (DB),Ralis Sedarys,,5,Book,
The Keepers of the Razor,Silus Vesuius,An account of the separation and division of Mehrunes' Razor into three pieces.,5,Book,
The Knights of the Nine,Karoline of Solitude,The founding and breakup of the original Knights of the Nine,70,Heavy Armor skill book,
The Last King of the Ayleids,Herminia Cinna,Chronicles the downfall of the Ayleid Empire in the First Era,5,Book,
The Legend of Red Eagle,Tredayn Dren,"A short biography of Red Eagle, including his uprising in the Reach.",5,Book - Faction,
The Legendary Sancre Tor,Matera Chapel,Details historical events that occurred at Sancre Tor.,50,Two-handed skill book,
The Legendary Scourge,Anonymous/Unknown,"Tells of the legend surrounding Scourge, a mace blessed by Malacath and used to battle against the Daedric Lords.",30,Book,
The Locked Room,Porbert Lyttumly,"A tale about a girl, an infuriated mentor, a room with no windows or anything except a steel door and a crate, and a vampire stored in the crate.",75,Lockpicking skill book,
The Lunar Lorkhan,Fal Droon,An outline of the creation-myth which theorises that the two moons of Nirn are remnants of Lorkhan's body.,60,Alteration skill book,
"The Lusty Argonian Maid, v1",Crassius Curio,A sexually-themed play featuring a wealthy man and a beautiful Argonian maid.,14,Book,
"The Lusty Argonian Maid, v2",Crassius Curio,"Another scene from the play, but with different sexual themes.",14,Book,
The Madmen of the Reach,"Arrianus Arius, Imperial Scholar",A defense of the Forsworn,7,Book,
The Madness of Pelagius,Tsathenes,A biography of Pelagius Septim III and also a story of his madness.,12,Book,
The Marksmanship Lesson,Alla Llaleth,A story about a slaver whose son was taught archery by his Bosmer slave.,65,Archery skill book,
The Mirror,Berdier Wreans,About a skilled fighter's showdown with his greatest enemy,50,Block skill book,
The Monomyth,Anonymous/Unknown,A theological book containing the common creation myths,8,Book,
The Night Mother's Truth,Gaston Bellefort,A book about the Night Mother's true identity.,25,Book,
The Nightingales Vol. 1,Gallus Desidenius,Description of the Nightingales and their role.,500,Book,
The Nightingales Vol. 2,Gallus Desidenius,Description of the Nightingales' history.,500,Book,
The Nirnoot Missive,Sinderion,A description of the enigmatic plant called Nirnroot,250,Book,
The Oblivion Crisis,"Praxis Sarcorum, Imperial Historian",A summary of the events stemming from the assassination of Emperor Uriel Septim VII,6,Book,
The Old Ways,Celarus the Loremaster,A guide to the Psijic Order and their beliefs,30,Book,
The Pig Children,Tyston Bane,Discusses the history of the Orcish threat in the Iliac Bay,20,Book,
"The Poison Song, Book I (DB)",Bristin Xel,Part one of an epic set in the aftermath of the war with the Dwemer and House Dagoth.,3,Book,
"The Poison Song, Book II (DB)",Bristin Xel,Part two of an epic set in the aftermath of the war with the Dwemer and House Dagoth.,3,Book,
"The Poison Song, Book III (DB)",Bristin Xel,Part three of an epic set in the aftermath of the war with the Dwemer and House Dagoth.,3,Book,
"The Poison Song, Book IV (DB)",Bristin Xel,Part four of an epic set in the aftermath of the war with the Dwemer and House Dagoth.,3,Book,
"The Poison Song, Book V (DB)",Bristin Xel,Part five of an epic set in the aftermath of the war with the Dwemer and House Dagoth.,3,Book,
"The Poison Song, Book VI (DB)",Bristin Xel,Part six of an epic set in the aftermath of the war with the Dwemer and House Dagoth.,3,Book,
"The Poison Song, Book VII (DB)",Bristin Xel,Part seven of an epic set in the aftermath of the war with the Dwemer and House Dagoth.,3,Book,
The Posting of the Hunt,Anonymous/Unknown,A document announcing a ritualistic hunting of a mortal by Daedra,25,Book,
The Ransom of Zarek,Marobar Sul,How a boy escapes his kidnappers,2,Book,
"The Real Barenziah, v1",Anonymous/Unknown,"A large text describing a young Symmachus and how the death of his mother occurred. Also describes Barenziah's traumatic childhood, and the story of Straw the Nord.",5,Book,
"The Real Barenziah, v2",Anonymous/Unknown,"Tells the story of Barenziah's rise and eventual fall while working for the Thieves Guild, and how she was captured by Symmachus. The fates of Straw, Therris and Katisha are revealed here and Barenziah is officially made the Queen of Mournhold.",5,Book,
"The Real Barenziah, v3",Anonymous/Unknown,"Barenziah arrives in the Imperial City, meeting Tiber Septim himself. The book then details the affair between them, with Barenziah falling pregnant as a result. Tiber Septim orders that an abortion be performed on her, and she is soon sent childless to Mournhold.",5,Book,
"The Real Barenziah, v4",Anonymous/Unknown,"Barenziah arrives in Mournhold and eventually marries Symmachus and bears children with him. The book also details the appearance of Drayven Indoril, with whom she has a brief affair with and results in the Staff of Chaos being stolen.",5,Book,
"The Real Barenziah, v5",Anonymous/Unknown,"Due to strained relations between Morrowind and the Empire, Barenziah travels to the Imperial City to speak with the Emperor, during which she gains an inkling of suspicious towards his true identity, and eventually proof. Her husband is later killed, and she has a liaison with the Nightingale, but soon flees the Imperial City for Wayrest and marries King Eadwyre to live a more peaceful, pleasant life.",5,Book,
The Rear Guard,Tenace Mourl,How a lone man guards a besieged castle and how he obtains his food,50,Light Armor skill book,
The Reclamations (DB),Thara of Rihad,An account of changes in the Dunmer religion following the end of the Tribunal,6,Book,
The Red Book of Riddles,Anonymous/Unknown,Small collection of riddles,30,Book,
The Red Kitchen Reader,Simocles Quo,Autobiographical musings of how the Master of Cuisine came to adore viands,75,Sneak skill book,
"The Red Year, Vol I (DB)",Melis Ravel,Part one in a series of interviews with survivors of the Red Year.,6,Book,
"The Red Year, Vol II (DB)",Melis Ravel,Part two in a series of interviews with survivors of the Red Year.,6,Book,
The Refugees,Geros Albreigh,History of refugees fleeing the Camoran Usurper,50,Light Armor skill book,
The Rise and Fall of the Blades,Anonymous/Unknown,On the Blades' origins and their fate,11,Book,
The Secrets of Ragnvald,Anonymous/Unknown,A poem about Otar's corruption and the fate of two warriors sent to stop him,5,Book,
The Seed,Marobar Sul,Book 2 of an incomplete series of fictional stories about the Dwemer,10,Book,
"The Song of Pelinal, v1",Unknown Scholar,"The first in the series, this book introduces Pelinal Whitestrake to the reader.",5,Book,
"The Song of Pelinal, v2",Unknown Scholar,"The second edition of the series, this book describes how Alessia prayed to the Akatosh to aid her in her struggle.",5,Book,
"The Song of Pelinal, v3",Unknown Scholar,"The third edition of the series, this book describes Pelinal's conquest of the Ayleid slavemasters and introduces the Ayleid's ""half-Elf"" champion, Umaril the Unfeathered.",5,Book,
"The Song of Pelinal, v4",Unknown Scholar,"The fourth edition of the Song of Pelinal series, this book describes the liberation of the Cyrodiilic population from their Ayleid overlords.",5,Book,
"The Song of Pelinal, v5",Unknown Scholar,"The fifth edition of the Song of Pelinal series, this book describes Pelinal's relationship with Morihaus, while also describing Morihaus' relationship with Alessia.",5,Book,
"The Song of Pelinal, v6",Unknown Scholar,"The sixth edition of the Song of Pelinal series, this book describes the origins of Pelinal Whitestrake.",5,Book,
"The Song of Pelinal, v7",Unknown Scholar,"The seventh edition of the Song of Pelinal series, this book describes Pelinal's death at the hands of Umaril and the Elvish kings.",5,Book,
"The Song of Pelinal, v8",Unknown Scholar,"The eight and last edition of the Song of Pelinal series, this book describes the liberation of Man in Cyrodiil, and Pelinal's last words to Alessia.",5,Book,
"The Sultry Argonian Bard, v1 (DG)",Ellya Erdain,A short excerpt from Ellya Erdain's play,14,Book,
The Tale of Dro'Zira,Sonia Vette,A Khajiit father in the grips of moon-sugar gives his cub a history lesson,11,Book,
The Talos Mistake,"Leonora Venatus, Imperial Liaison to the Aldmeri Dominion",Propaganda encouraging acceptance of the ban on the worship of Talos,7,Book,
The Third Door,Annanar Orme,"Tale of a heart-broken, vengeful, axe-wielding woman",11,Book,
The Third Era Timeline,Jaspus Ignateous,An accounting of the most significant events of the Third Era,8,Book,
The Totems of Hircine,An Anonymous Werewolf,Werewolf tales regarding artifacts of Hircine,30,Book,
The True Nature of Orcs,Anonymous/Unknown,Book detailing the Orsimer race and their origin,20,Book,
The True Noble's Code (DB),Serjo Athyn Sarethi,Serjo Athyn Sarethi,7,Book,
The Warrior's Charge,Anonymous/Unknown,An old poem of the Redguards that deals with the constellations,50,Conjuration skill book,
The Waters of Oblivion,Anonymous/Unknown,A work on the dangers of Daedra and Oblivion,30,Book,
The Wild Elves,Kier-Jo Chorvak,"Brief description of the Ayleids, or Wild Elves",25,Book,
The Windhelm Letters,Reylia,A series of letters written in the Second Era from a woman in Windhelm to her husband in Solitude,7,Book,
The Wispmother,Mathias Etienne,Summation of legends regarding the Wispmothers,8,Book,
"The Wolf Queen, v1",Waughin Jarth,An epic series concerning the tale of the infamous Queen Potema of Solitude.,75,Lockpicking skill book,
"The Wolf Queen, v2",Waughin Jarth,A continuation of Potema's tale.,4,Book,
"The Wolf Queen, v3",Waughin Jarth,A continuation of Potema's tale.,4,Book,
"The Wolf Queen, v4",Waughin Jarth,A continuation of Potema's tale.,4,Book,
"The Wolf Queen, v5",Waughin Jarth,A continuation of Potema's tale.,4,Book,
"The Wolf Queen, v6",Waughin Jarth,A continuation of Potema's tale.,30,Book,
"The Wolf Queen, v7",Waughin Jarth,A continuation of Potema's tale.,4,Book,
"The Wolf Queen, v8",Waughin Jarth,A continuation of Potema's tale.,12,Book,
The Woodcutter's Wife,Mogen Son of Molag,A grim tale of a lone family in a cabin.,8,Book,
There Be Dragons,Torhal Bjorik,"A book describing Dragons, their presence on Tamriel and their disappearance.",11,Book,
Thief,Reven,Part two of the fictional tale surrounding the adventures of Eslaf Erol.,60,Pickpocket skill book,
Thief of Virtue,Anonymous/Unknown,"A bawdy tale of one thief's quest for coin, and capture of a lady's virtue",5,Book,
"Thirsk, A Revised History (DB)",Anonymous/Unknown,"Chronicles the Nord mead hall of Thirsk circa 4E 201, focusing primarily on its chieftains",3,Book,
Thonar's Journal,Thonar Silver-Blood,Revelations that Thonar Silver-Blood is having secret dealings with the Forsworn.,5,Journal,
Three Thieves,Anonymous/Unknown,Some thieves in Morrowind plan a heist,75,Sneak skill book,
Tolfdir's Book*,Asgrim Kolsgreg,"A biography of Galerion, a Psijic who founded the Mages Guild",5,Book,
Touching the Sky (DG),Parmion Saldor,Translated from Falmer Text by Calcelmo of Markarth,20,Book,
Trap (DB),Anonymous/Unknown,"A starving man steals money for food, but pays a high price for his action",13,Book,
Treatise on Ayleidic Cities,An Anonymous Scholar,The history of Varsa Baalim and Mehrunes' Razor,25,Book,
Trials of St. Alessia,Anonymous/Unknown,Excerpt from a greater work detailing the creation of the Amulet of Kings,5,Book,
Troll Slaying,Finn,"A guide to identifying, fighting, and collecting fat from trolls",8,Book,
Twin Secrets,Brarilu Theran,A tale of an enchanter's demise from a perilous experiment,50,Enchanting skill book,
Ulfr's Book,Anonymous/Unknown,A blank book being read by a blind watchman,5,Book,
Ulyn's Journal (DB),Ulyn,,25,Book,
Umana's Journal,Umana,A record of an ill-fated exploration of Dwemer ruins in Skyrim,5,Journal,
Uncommon Taste,The Gourmet,"A recipe book, containing recipes of a Breton origin.",3,Book,
Uncommon Taste - Signed,The Gourmet,"A letter, containing recipes, from the Gourmet to Anton",30,Book,
"Unknown Book, Vol. I",Engwe Emeloth,The Betrayed in its original Falmer language.,20,Book,
"Unknown Book, Vol. II",Mirtil Angoth,Journal of Mirtil Angoth in its original Falmer language.,20,Book,
"Unknown Book, Vol. III",Faire Agarwen,Diary of Faire Agarwen in its original Falmer language.,20,Book,
"Unknown Book, Vol. IV",Parmion Saldor,Touching the Sky in its original Falmer language.,20,Book,
Unsent Afflicted Letter,Anonymous/Unknown,A letter written by a husband to his wife after they had to separate when he was been infected with the wasting sickness,5,Note,
Valerica's Journal (DG),Valerica,Valerica's notes on attuning the portal vessel to the Soul Cairn.,10,Journal,
Varieties of Daedra,Aranea Drethan,"An analysis of Daedra forms, focusing primarily on the Dremora",11,Book,
Varieties of Faith in the Empire (DB),Brother Mikhael Karkuxor of the Imperial College,An expansive list of the pantheons and associated divine spirits of Tamriel's dominant cultures,13,Book,
Venarus Vulpin's Journal (DG),Venarus Vulpin,The journal of a vampire and his discovery of the Bloodspring of Lengeir's Feast,5,Journal,
Venarus Vulpin's Research (DG),Venarus Vulpin,Research notes on the Bloodspring of Lengeir's Feast,5,Book,
Vernaccus and Bourlor,Tavi Dromio,How a short-tempered Daedra tries to make something of himself,65/6,Archery skill book,
Volk's Journal (DG),Volk,A journal by a man hired to help explore the ruins of Ruunvald,5,Journal,
Wabbajack,Anonymous/Unknown,Story of one man's summoning of Sheogorath and descent into madness,7,Book,
"Walking the World, Vol. XI",Spatior Munius,A comprehensive description of the city of Solitude,8,Book,
War of the First Council,Agrippa Fundilius,A brief account of a First Age religious conflict,25,Book,
Warrior,Reven,The third chapter of the adventures of Eslaf Erol,50,Block skill book,
Watcher of Stones,"Gelyph Sig, Thane of Bjorin",Musings on the Guardian Stones of Skyrim,8,Book,
Where were you when the Dragon Broke (DB),Various,A brief description and multiple accounts of the Dragon Break,13,Book,
Whiterun Home Decorating Guide,Anonymous/Unknown,Details on accessory packages available for a Whiterun home,5,Book,
Wind and Sand (DB),Afa-Saryat,"A treatise on the sands of the Alik'r Desert, and their relationship to magic",100,Book,
Windhelm Home Decorating Guide,Anonymous/Unknown,Details on accessory packages available for a Windhelm home,5,Book,
Withershins,Yaqut Tawashi,A humorous tale of a man's ailment and cure,55,Restoration skill book,
Words and Philosophy,An Anonymous Interviewer,An interview with a Bosmer master swordsman about her life,50,Two-handed skill book,
Words of Clan Mother Ahnissi,Clan Mother Ahnissi,How a Khajiit explains the origin of the world,14,Book,
Words of the Wind (DB),Anonymous/Unknown,A volume of verse collected from Ashlander wise women,5,Book,
Wraith's Wedding Dowry,Voltha gra-Yamwort (translated by Apthorne),Story of how an Orc reclaims her wedding gift from thieves.,10,Book,
Wyndelius's Journal*,Wyndelius Gatharian,A journal documenting a treasure-hunter's descent into madness.,40,Journal,
Yellow Book of Riddles,Anonymous/Unknown,A series of riddles,3,Book,
Yngol and the Sea-Ghosts,Anonymous/Unknown,A tale of Ysgramor's first adventure in Tamriel,5,Book,